-- =============================================================================
-- Seed Data — Local Development Only
-- Run via: npx supabase db reset  (applies migrations + this seed)
-- =============================================================================

-- ─── 1. Hospital ─────────────────────────────────────────────────────────────
INSERT INTO hospitals (id, name, address, lat, lng, timezone)
VALUES (
  '00000000-0000-0000-0000-000000000001',
  'City General Hospital',
  '14, Station Road, Hubli, Karnataka 580020, India',
  15.3647,
  75.1240,
  'Asia/Kolkata'
) ON CONFLICT (id) DO NOTHING;

-- ─── 2. Doctors (10 Doctors) ──────────────────────────────────────────────────
INSERT INTO doctors (id, hospital_id, name, specialty, avg_consultation_minutes, is_active)
VALUES
  ('00000000-0000-0000-0000-000000000010', '00000000-0000-0000-0000-000000000001', 'Sameer Khan', 'Cardiology', 15.00, true),
  ('00000000-0000-0000-0000-000000000011', '00000000-0000-0000-0000-000000000001', 'Ananya Iyer', 'Pediatrics', 10.00, true),
  ('00000000-0000-0000-0000-000000000012', '00000000-0000-0000-0000-000000000001', 'Michael Chen', 'Orthopedics', 20.00, true),
  ('00000000-0000-0000-0000-000000000013', '00000000-0000-0000-0000-000000000001', 'Sarah Jenkins', 'Dermatology', 12.00, true),
  ('00000000-0000-0000-0000-000000000014', '00000000-0000-0000-0000-000000000001', 'Rajesh Gupta', 'Neurology', 25.00, true),
  ('00000000-0000-0000-0000-000000000015', '00000000-0000-0000-0000-000000000001', 'Elena Rodriguez', 'Gynecology', 15.00, true),
  ('00000000-0000-0000-0000-000000000016', '00000000-0000-0000-0000-000000000001', 'David Kim', 'Oncology', 30.00, true),
  ('00000000-0000-0000-0000-000000000017', '00000000-0000-0000-0000-000000000001', 'Priya Sharma', 'ENT', 10.00, true),
  ('00000000-0000-0000-0000-000000000018', '00000000-0000-0000-0000-000000000001', 'Robert Miller', 'Urology', 20.00, true),
  ('00000000-0000-0000-0000-000000000019', '00000000-0000-0000-0000-000000000001', 'Aisha Patel', 'General Medicine', 15.00, true)
ON CONFLICT (id) DO UPDATE SET
  name = EXCLUDED.name,
  specialty = EXCLUDED.specialty,
  avg_consultation_minutes = EXCLUDED.avg_consultation_minutes;

-- ─── 3. Patients (10 rows) ────────────────────────────────────────────────────
INSERT INTO patients (id, hospital_id, name, phone, eta_status)
VALUES
  ('10000000-0000-0000-0000-000000000001', '00000000-0000-0000-0000-000000000001', 'Ravi Kumar',      '+919876543210', 'uncertain'),
  ('10000000-0000-0000-0000-000000000002', '00000000-0000-0000-0000-000000000001', 'Sunita Patel',    '+919812345678', 'uncertain'),
  ('10000000-0000-0000-0000-000000000003', '00000000-0000-0000-0000-000000000001', 'Mohan Das',       '+919823456789', 'uncertain'),
  ('10000000-0000-0000-0000-000000000004', '00000000-0000-0000-0000-000000000001', 'Lakshmi Rao',     '+919834567890', 'uncertain'),
  ('10000000-0000-0000-0000-000000000005', '00000000-0000-0000-0000-000000000001', 'Vijay Nair',      '+919845678901', 'uncertain'),
  ('10000000-0000-0000-0000-000000000006', '00000000-0000-0000-0000-000000000001', 'Anita Singh',     '+919856789012', 'uncertain'),
  ('10000000-0000-0000-0000-000000000007', '00000000-0000-0000-0000-000000000001', 'Suresh Reddy',    '+919867890123', 'uncertain'),
  ('10000000-0000-0000-0000-000000000008', '00000000-0000-0000-0000-000000000001', 'Kavita Joshi',    '+919878901234', 'uncertain'),
  ('10000000-0000-0000-0000-000000000009', '00000000-0000-0000-0000-000000000001', 'Arun Mishra',     '+919889012345', 'uncertain'),
  ('10000000-0000-0000-0000-000000000010', '00000000-0000-0000-0000-000000000001', 'Deepa Krishnan',  '+919890123456', 'uncertain')
ON CONFLICT (id) DO NOTHING;

-- ─── 4. Appointments (10 rows for today, positions 1–10) ─────────────────────
INSERT INTO appointments (
  id, hospital_id, doctor_id, patient_id,
  scheduled_date, scheduled_time, original_position, status
)
VALUES
  ('20000000-0000-0000-0000-000000000001', '00000000-0000-0000-0000-000000000001', '00000000-0000-0000-0000-000000000010', '10000000-0000-0000-0000-000000000001', CURRENT_DATE, '09:00:00', 1, 'scheduled'),
  ('20000000-0000-0000-0000-000000000002', '00000000-0000-0000-0000-000000000001', '00000000-0000-0000-0000-000000000010', '10000000-0000-0000-0000-000000000002', CURRENT_DATE, '09:15:00', 2, 'scheduled'),
  ('20000000-0000-0000-0000-000000000003', '00000000-0000-0000-0000-000000000001', '00000000-0000-0000-0000-000000000010', '10000000-0000-0000-0000-000000000003', CURRENT_DATE, '09:30:00', 3, 'scheduled'),
  ('20000000-0000-0000-0000-000000000004', '00000000-0000-0000-0000-000000000001', '00000000-0000-0000-0000-000000000010', '10000000-0000-0000-0000-000000000004', CURRENT_DATE, '09:45:00', 4, 'scheduled'),
  ('20000000-0000-0000-0000-000000000005', '00000000-0000-0000-0000-000000000001', '00000000-0000-0000-0000-000000000010', '10000000-0000-0000-0000-000000000005', CURRENT_DATE, '10:00:00', 5, 'scheduled'),
  ('20000000-0000-0000-0000-000000000006', '00000000-0000-0000-0000-000000000001', '00000000-0000-0000-0000-000000000010', '10000000-0000-0000-0000-000000000006', CURRENT_DATE, '10:15:00', 6, 'scheduled'),
  ('20000000-0000-0000-0000-000000000007', '00000000-0000-0000-0000-000000000001', '00000000-0000-0000-0000-000000000010', '10000000-0000-0000-0000-000000000007', CURRENT_DATE, '10:30:00', 7, 'scheduled'),
  ('20000000-0000-0000-0000-000000000008', '00000000-0000-0000-0000-000000000001', '00000000-0000-0000-0000-000000000010', '10000000-0000-0000-0000-000000000008', CURRENT_DATE, '10:45:00', 8, 'scheduled'),
  ('20000000-0000-0000-0000-000000000009', '00000000-0000-0000-0000-000000000001', '00000000-0000-0000-0000-000000000010', '10000000-0000-0000-0000-000000000009', CURRENT_DATE, '11:00:00', 9, 'scheduled'),
  ('20000000-0000-0000-0000-000000000010', '00000000-0000-0000-0000-000000000001', '00000000-0000-0000-0000-000000000010', '10000000-0000-0000-0000-000000000010', CURRENT_DATE, '11:15:00', 10, 'scheduled')
ON CONFLICT (id) DO NOTHING;

-- ─── 5. Queue Entries (matching appointments, positions 1–10) ─────────────────
INSERT INTO queue_entries (
  id, appointment_id, doctor_id, queue_date, position, is_locked
)
VALUES
  ('30000000-0000-0000-0000-000000000001', '20000000-0000-0000-0000-000000000001', '00000000-0000-0000-0000-000000000010', CURRENT_DATE, 1,  false),
  ('30000000-0000-0000-0000-000000000002', '20000000-0000-0000-0000-000000000002', '00000000-0000-0000-0000-000000000010', CURRENT_DATE, 2,  false),
  ('30000000-0000-0000-0000-000000000003', '20000000-0000-0000-0000-000000000003', '00000000-0000-0000-0000-000000000010', CURRENT_DATE, 3,  false),
  ('30000000-0000-0000-0000-000000000004', '20000000-0000-0000-0000-000000000004', '00000000-0000-0000-0000-000000000010', CURRENT_DATE, 4,  false),
  ('30000000-0000-0000-0000-000000000005', '20000000-0000-0000-0000-000000000005', '00000000-0000-0000-0000-000000000010', CURRENT_DATE, 5,  false),
  ('30000000-0000-0000-0000-000000000006', '20000000-0000-0000-0000-000000000006', '00000000-0000-0000-0000-000000000010', CURRENT_DATE, 6,  false),
  ('30000000-0000-0000-0000-000000000007', '20000000-0000-0000-0000-000000000007', '00000000-0000-0000-0000-000000000010', CURRENT_DATE, 7,  false),
  ('30000000-0000-0000-0000-000000000008', '20000000-0000-0000-0000-000000000008', '00000000-0000-0000-0000-000000000010', CURRENT_DATE, 8,  false),
  ('30000000-0000-0000-0000-000000000009', '20000000-0000-0000-0000-000000000009', '00000000-0000-0000-0000-000000000010', CURRENT_DATE, 9,  false),
  ('30000000-0000-0000-0000-000000000010', '20000000-0000-0000-0000-000000000010', '00000000-0000-0000-0000-000000000010', CURRENT_DATE, 10, false)
ON CONFLICT (id) DO NOTHING;
